Overal_Rank,City,State_id,Lat,Lng,Emo_Rank,Income_Rank,Comm_Rank
1,Fremont,CA,37.5265,-121.9852,4,28,5
2,Plano,TX,33.0502,-96.7487,6,9,16
3,San Jose,CA,37.3021,-121.8489,1,11,64
4,Irvine,CA,33.6772,-117.7738,7,13,19
5,Madison,WI,43.0827,-89.3923,5,21,13
6,Sioux Falls,SD,43.5397,-96.7321,13,45,21
7,Huntington Beach,CA,33.696,-118.0025,8,70,44
8,Scottsdale,AZ,33.6872,-111.8651,51,7,2
9,Santa Rosa,CA,38.4458,-122.7067,10,34,32
10,Pearl City,HI,21.4031,-157.9566,3,128,12
11,Bismarck,ND,46.81399999999999,-100.7695,18,15,31
12,Fargo,ND,46.8653,-96.8292,26,32,30
13,Lincoln,NE,40.8088,-96.6796,24,68,24
14,San Francisco,CA,37.7562,-122.443,2,2,158
15,Overland Park,KS,38.887,-94.68700000000001,35,48,8
16,Santa Clarita,CA,34.4155,-118.4992,17,127,29
17,Oceanside,CA,33.2247,-117.3083,15,117,15
18,Glendale,CA,34.1818,-118.2468,22,98,26
19,Anaheim,CA,33.839,-117.8573,23,65,43
20,Cape Coral,FL,26.6445,-81.9955,52,63,3
21,Pembroke Pines,FL,26.0128,-80.3382,28,134,10
22,Austin,TX,30.3006,-97.7517,12,6,118
23,Gilbert,AZ,33.3103,-111.7463,56,36,11
24,San Diego,CA,32.8312,-117.1225,9,26,73
25,Chula Vista,CA,32.6281,-117.0145,19,99,34
26,Garden Grove,CA,33.7787,-117.9601,31,101,33
27,Grand Prairie,TX,32.687,-97.0209,46,74,23
28,Charleston,SC,32.8151,-79.96300000000001,80,3,4
29,Cedar Rapids,IA,41.9667,-91.6781,54,38,18
30,Minneapolis,MN,44.9635,-93.2678,14,47,112
31,Raleigh,NC,35.8324,-78.6438,25,59,62
32,Aurora,CO,39.7084,-104.7274,32,124,48
33,Chandler,AZ,33.2827,-111.8517,63,42,20
34,Des Moines,IA,41.5725,-93.6105,47,66,46
35,Irving,TX,32.8584,-96.9702,37,17,106
36,Columbia,MD,39.2004,-76.859,20,106,98
37,Oxnard,CA,34.1962,-119.1819,45,137,9
38,Peoria,AZ,33.7844,-112.29899999999999,69,67,6
39,Oakland,CA,37.7903,-122.2165,11,79,132
40,St. Paul,MN,44.9477,-93.104,38,96,60
41,Fort Lauderdale,FL,26.1412,-80.1464,42,62,88
42,Yonkers,NY,40.9466,-73.8674,21,160,68
43,Garland,TX,32.91,-96.6305,41,122,57
44,Tempe,AZ,33.3881,-111.9318,72,35,27
45,Boise,ID,43.6007,-116.2312,66,12,54
46,Durham,NC,35.9795,-78.9032,48,27,72
47,Las Cruces,NM,32.3265,-106.7893,58,116,7
48,Aurora,IL,41.7637,-88.2901,30,157,66
49,Charlotte,NC,35.2079,-80.8304,55,86,49
50,Omaha,NE,41.2628,-96.0498,64,73,38
51,Boston,MA,42.3188,-71.0846,33,8,149
52,Rancho Cucamonga,CA,34.1248,-117.5666,68,33,59
53,Santa Ana,CA,33.7366,-117.8819,43,78,101
54,Denver,CO,39.7621,-104.8759,34,88,105
55,Seattle,WA,47.6211,-122.3244,27,1,173
56,Honolulu,HI,21.3294,-157.846,71,54,37
57,Port St. Lucie,FL,27.2796,-80.3884,83,77,14
58,Nashua,NH,42.7491,-71.491,59,76,51
59,Rapid City,SD,44.0716,-103.2205,105,23,1
60,Fort Worth,TX,32.7812,-97.3472,50,102,91
61,Arlington,TX,32.6998,-97.1251,49,132,82
62,Long Beach,CA,33.798,-118.1675,36,144,96
63,Portland,ME,43.6773,-70.2715,60,10,128
64,Colorado Springs,CO,38.8674,-104.7606,78,64,42
65,Washington,DC,38.9047,-77.0163,16,60,177
66,Grand Rapids,MI,42.9615,-85.6557,91,25,47
67,Nampa,ID,43.5843,-116.5628,84,104,28
68,El Paso,TX,31.8479,-106.4309,76,120,41
69,Mesa,AZ,33.4017,-111.7181,82,91,36
70,Salt Lake City,UT,40.7774,-111.93,74,51,78
71,Manchester,NH,42.9848,-71.4447,75,108,45
72,Virginia Beach,VA,36.7335,-76.0435,79,126,39
73,Billings,MT,45.7889,-108.5509,81,40,84
74,Burlington,VT,44.4877,-73.2314,61,14,176
75,Miami,FL,25.7839,-80.2102,29,50,170
76,Dallas,TX,32.7936,-96.7662,44,92,148
77,Reno,NV,39.5497,-119.8483,98,16,79
78,Fontana,CA,34.0968,-117.4599,94,71,53
79,Brownsville,TX,25.998,-97.4565,106,90,22
80,Los Angeles,CA,34.1139,-118.4068,39,93,161
81,Chesapeake,VA,36.6778,-76.3024,100,145,25
82,Ontario,CA,34.0393,-117.6064,95,41,74
83,Riverside,CA,33.9381,-117.3948,77,18,129
84,Tallahassee,FL,30.4551,-84.2527,88,39,94
85,Lewiston,ME,44.0915,-70.1681,148,4,63
86,New York,NY,40.6943,-73.9249,53,158,100
87,Moreno Valley,CA,33.9244,-117.2045,89,103,58
88,Missoula,MT,46.8685,-114.0095,65,58,140
89,Jersey City,NJ,40.7161,-74.0683,62,168,76
90,Portland,OR,45.5371,-122.65,85,57,99
91,Atlanta,GA,33.7627,-84.4225,70,110,111
92,Orlando,FL,28.4772,-81.3369,86,20,121
93,Modesto,CA,37.6374,-121.0028,87,52,110
94,Hialeah,FL,25.8696,-80.3046,40,166,164
95,Vancouver,WA,45.6367,-122.59700000000001,97,123,56
96,Pittsburgh,PA,40.4396,-79.9763,114,37,67
97,Tampa,FL,27.9942,-82.4451,107,53,75
98,West Valley City,UT,40.6889,-112.0115,102,109,65
99,Sacramento,CA,38.5667,-121.4683,96,29,120
100,Huntsville,AL,34.6988,-86.6412,135,55,17
101,Cheyenne,WY,41.1405,-104.7927,112,30,141
102,Dover,DE,39.161,-75.5203,99,72,107
103,Henderson,NV,36.0146,-115.0362,120,107,61
104,Glendale,AZ,33.5797,-112.2258,93,143,102
105,Bridgeport,CT,41.1918,-73.1953,67,163,109
106,Nashville,TN,36.1715,-86.7843,129,114,35
107,South Burlington,VT,44.4622,-73.2203,108,31,153
108,Anchorage,AK,61.1508,-149.1091,92,82,143
109,Salem,OR,44.9232,-123.0245,116,49,124
110,San Antonio,TX,29.4658,-98.5254,123,69,85
111,Houston,TX,29.7869,-95.3905,73,131,159
112,Winston-Salem,NC,36.1029,-80.26100000000001,110,94,108
113,Chicago,IL,41.8373,-87.6862,57,177,142
114,Tacoma,WA,47.2431,-122.4531,103,148,114
115,St. Petersburg,FL,27.793000000000003,-82.6652,125,43,115
116,Fort Wayne,IN,41.0885,-85.1436,136,115,50
117,Amarillo,TX,35.1989,-101.831,150,44,55
119,Phoenix,AZ,33.5722,-112.0891,90,130,156
120,Bakersfield,CA,35.353,-119.0359,122,46,135
121,Laredo,TX,27.5617,-99.4874,109,56,172
122,Worcester,MA,42.2705,-71.8079,117,113,126
123,Tucson,AZ,32.1545,-110.8782,101,112,145
124,Columbia,SC,34.0376,-80.9037,145,19,69
125,Greensboro,NC,36.0956,-79.8268,113,95,131
126,Warwick,RI,41.7062,-71.4334,131,83,104
127,Richmond,VA,37.5295,-77.4756,111,150,137
128,Lubbock,TX,33.5642,-101.8871,141,24,136
129,Springfield,MO,37.1943,-93.2915,137,105,97
130,San Bernardino,CA,34.1417,-117.2945,118,121,152
131,Casper,WY,42.842,-106.3207,164,61,119
132,Albuquerque,NM,35.1053,-106.6464,121,97,160
133,Corpus Christi,TX,27.7261,-97.3755,147,22,125
134,Chattanooga,TN,35.0657,-85.2487,142,141,77
135,Jacksonville,FL,30.3322,-81.6749,151,118,70
136,Newport News,VA,37.1051,-76.5185,124,165,123
137,Columbus,OH,39.986,-82.9851,132,153,113
138,Knoxville,TN,35.9692,-83.9496,160,85,52
139,Rochester,NY,43.168,-77.6162,133,111,146
140,Fresno,CA,36.7831,-119.7941,115,100,178
141,Spokane,WA,47.6671,-117.43299999999999,134,84,165
142,Oklahoma City,OK,35.4676,-97.5137,153,125,81
143,Fort Smith,AR,35.3493,-94.3695,171,75,71
144,Fayetteville,NC,35.0846,-78.9776,154,155,40
145,Wichita,KS,37.6897,-97.3441,138,129,134
146,Norfolk,VA,36.8945,-76.259,140,151,116
147,Providence,RI,41.823,-71.4187,155,81,92
148,Stockton,CA,37.9766,-121.3111,119,149,162
149,New Haven,CT,41.3112,-72.9246,126,133,175
150,North Las Vegas,NV,36.288000000000004,-115.0901,156,152,89
151,Buffalo,NY,42.9017,-78.8487,149,139,122
152,Juneau,AK,58.4546,-134.1739,162,5,181
153,Kansas City,MO,39.1239,-94.5541,130,147,167
154,Las Vegas,NV,36.2333,-115.2654,144,136,144
155,Indianapolis,IN,39.7771,-86.1458,146,174,86
156,Louisville,KY,38.1663,-85.6485,163,156,80
157,Milwaukee,WI,43.0642,-87.9673,127,178,151
158,New Orleans,LA,30.0687,-89.9288,167,135,103
159,Wilmington,DE,39.7415,-75.5413,161,140,138
160,Montgomery,AL,32.3473,-86.2666,158,170,95
161,Baltimore,MD,39.3051,-76.6144,139,173,166
162,Jackson,MS,32.3163,-90.2124,143,179,127
163,Baton Rouge,LA,30.4419,-91.131,152,138,163
164,Philadelphia,PA,40.0077,-75.1339,165,161,117
165,Shreveport,LA,32.4659,-93.7959,169,175,87
166,Columbus,GA,32.51,-84.8771,176,146,90
167,Cincinnati,OH,39.1412,-84.506,159,142,174
168,Newark,NJ,40.7245,-74.1725,128,181,180
169,Tulsa,OK,36.1284,-95.9043,172,87,155
170,Akron,OH,41.0798,-81.5219,170,169,147
171,St. Louis,MO,38.6358,-90.2451,166,167,157
172,Memphis,TN,35.1046,-89.9773,157,180,154
173,Mobile,AL,30.6782,-88.1163,173,171,150
174,Little Rock,AR,34.7255,-92.35799999999999,177,154,93
175,Augusta,GA,33.3645,-82.0708,175,162,133
176,Birmingham,AL,33.5277,-86.7987,174,159,168
177,Gulfport,MS,30.4271,-89.0703,178,172,83
178,Cleveland,OH,41.4767,-81.6805,168,176,179
179,Huntington,WV,38.4109,-82.4344,182,80,130
180,Toledo,OH,41.6639,-83.5822,179,164,171
181,Charleston,WV,38.3484,-81.6323,180,89,169
182,Detroit,MI,42.3834,-83.1024,181,182,182
